[
    {
        "adj_header_id": 101,
        "header_text": "Moteur (caractéristiques techniques)"
    },
    {
        "adj_header_id": 102,
        "header_text": "Moteur (général)"
    },
    {
        "adj_header_id": 105,
        "header_text": "Système de refroidissement"
    },
    {
        "adj_header_id": 107,
        "header_text": "Electrique"
    },
    {
        "adj_header_id": 108,
        "header_text": "Freins"
    },
    {
        "adj_header_id": 109,
        "header_text": "Alignement direction et roues"
    },
    {
        "adj_header_id": 110,
        "header_text": "Roues et pneumatiques"
    },
    {
        "adj_header_id": 111,
        "header_text": "Capacités"
    },
    {
        "adj_header_id": 112,
        "header_text": "Réglages de couple"
    },
    {
        "adj_header_id": 113,
        "header_text": "Émissions"
    },
    {
        "adj_header_id": 114,
        "header_text": "Système de carburant"
    },
    {
        "adj_header_id": 118,
        "header_text": "Frein moteur"
    },
    {
        "adj_header_id": 119,
        "header_text": "Transmission"
    },
    {
        "adj_header_id": 120,
        "header_text": "Embrayage"
    }
]