[{"make_id":110,"make_name":"ALFA ROMEO","make_used":true},{"make_id":120,"make_name":"AUDI","make_used":true},{"make_id":130,"make_name":"BMW","make_used":true},{"make_id":140,"make_name":"BUICK","make_used":true},{"make_id":150,"make_name":"CADILLAC","make_used":true},{"make_id":160,"make_name":"DAEWOO","make_used":true},{"make_id":170,"make_name":"CHEVROLET","make_used":true},{"make_id":180,"make_name":"CHRYSLER","make_used":true},{"make_id":190,"make_name":"CITROEN","make_used":true},{"make_id":210,"make_name":"DACIA","make_used":true},{"make_id":230,"make_name":"DAIHATSU","make_used":true},{"make_id":240,"make_name":"DODGE","make_used":true},{"make_id":260,"make_name":"FIAT","make_used":true},{"make_id":270,"make_name":"FORD","make_used":true},{"make_id":290,"make_name":"HONDA","make_used":true},{"make_id":300,"make_name":"HYUNDAI","make_used":true},{"make_id":310,"make_name":"ISUZU","make_used":true},{"make_id":320,"make_name":"IVECO","make_used":true},{"make_id":330,"make_name":"JAGUAR","make_used":true},{"make_id":340,"make_name":"JEEP","make_used":true},{"make_id":350,"make_name":"KIA","make_used":true},{"make_id":360,"make_name":"LADA","make_used":true},{"make_id":370,"make_name":"LANCIA","make_used":true},{"make_id":380,"make_name":"LAND ROVER","make_used":true},{"make_id":390,"make_name":"LEXUS","make_used":true},{"make_id":400,"make_name":"LINCOLN","make_used":true},{"make_id":430,"make_name":"MAZDA","make_used":true},{"make_id":440,"make_name":"MERCEDES-BENZ","make_used":true},{"make_id":460,"make_name":"MG","make_used":true},{"make_id":470,"make_name":"MINI","make_used":true},{"make_id":480,"make_name":"MITSUBISHI","make_used":true},{"make_id":500,"make_name":"NISSAN","make_used":true},{"make_id":520,"make_name":"OPEL / VAUXHALL","make_used":true},{"make_id":530,"make_name":"PEUGEOT","make_used":true},{"make_id":560,"make_name":"PORSCHE","make_used":true},{"make_id":570,"make_name":"PROTON","make_used":true},{"make_id":580,"make_name":"RENAULT","make_used":true},{"make_id":600,"make_name":"ROVER","make_used":true},{"make_id":620,"make_name":"SAAB","make_used":true},{"make_id":630,"make_name":"SEAT","make_used":true},{"make_id":640,"make_name":"SKODA","make_used":true},{"make_id":650,"make_name":"SMART","make_used":true},{"make_id":660,"make_name":"SSANGYONG","make_used":true},{"make_id":670,"make_name":"SUBARU","make_used":true},{"make_id":680,"make_name":"SUZUKI","make_used":true},{"make_id":710,"make_name":"TOYOTA","make_used":true},{"make_id":720,"make_name":"TVR","make_used":true},{"make_id":730,"make_name":"VOLKSWAGEN","make_used":true},{"make_id":740,"make_name":"VOLVO","make_used":true},{"make_id":760,"make_name":"[Not Used]","make_used":false},{"make_id":770,"make_name":"ACERBI","make_used":true},{"make_id":780,"make_name":"ACKERMANN","make_used":true},{"make_id":790,"make_name":"BPW","make_used":true},{"make_id":800,"make_name":"CARDI","make_used":true},{"make_id":810,"make_name":"CHEREAU","make_used":true},{"make_id":820,"make_name":"DAF","make_used":true},{"make_id":830,"make_name":"DAIMLER","make_used":true},{"make_id":840,"make_name":"FRUEHAUF","make_used":true},{"make_id":860,"make_name":"KRONE","make_used":true},{"make_id":870,"make_name":"KÖGEL","make_used":true},{"make_id":880,"make_name":"LAG","make_used":true},{"make_id":890,"make_name":"MAN","make_used":true},{"make_id":920,"make_name":"NOOTEBOOM","make_used":true},{"make_id":930,"make_name":"ROR","make_used":true},{"make_id":940,"make_name":"SAF","make_used":true},{"make_id":950,"make_name":"SAMRO","make_used":true},{"make_id":960,"make_name":"SCANIA","make_used":true},{"make_id":970,"make_name":"SCHMITZ CARGOBULL","make_used":true},{"make_id":1000,"make_name":"VAN HOOL","make_used":true},{"make_id":1010,"make_name":"VIBERTI","make_used":true},{"make_id":102000001,"make_name":"INFINITI","make_used":true},{"make_id":102000002,"make_name":"LDV","make_used":true},{"make_id":305000001,"make_name":"VOLVO TRUCKS","make_used":true},{"make_id":305000002,"make_name":"RENAULT TRUCKS","make_used":true},{"make_id":305000003,"make_name":"MITSUBISHI FUSO","make_used":true},{"make_id":306000001,"make_name":"ACURA","make_used":false},{"make_id":306000002,"make_name":"GMC","make_used":false},{"make_id":306000003,"make_name":"HUMMER","make_used":false},{"make_id":306000004,"make_name":"PONTIAC","make_used":false},{"make_id":306000005,"make_name":"SATURN","make_used":false},{"make_id":306000006,"make_name":"SCION","make_used":false},{"make_id":310000001,"make_name":"TESLA","make_used":false}]